"Disclaimer: All data is without guarantee, errors and changes are reserved."
"Moreno Dainese, 1969-10-05"
moreno.dainese@gmail.com
"Account opened at: 2022-06-07T20:28:10+02:00"
"Venue: Bitpanda"
"Transaction ID",Timestamp,"Transaction Type",In/Out,"Amount Fiat",Fiat,"Amount Asset",Asset,"Asset market price","Asset market price currency","Asset class","Product ID",Fee,"Fee asset","Fee percent",Spread,"Spread Currency","Tax Fiat"
C1efb728e-9b3e-6555-a5ce-490052e4b473,2024-12-10T19:59:43+01:00,deposit,incoming,0,USD,8.51234324,USDT,0.00,-,Cryptocurrency,27,0.00000000,USDT,-,-,-,-
T1efb729e-7dfd-6e69-af4d-9be5ed0a8d89,2024-12-10T20:06:49+01:00,sell,incoming,8.43,USD,8.51234324,USDT,0.99,USD,Cryptocurrency,27,-,-,-,-,-,0.00
T1efb729e-7e55-6cab-af4d-9be5ed0a8d89,2024-12-10T20:06:49+01:00,buy,outgoing,8.43,USD,10.17022704,BEST,0.83,USD,Cryptocurrency,33,-,-,-,-,-,0.00
fecc54e7-c062-4e23-8fc0-06ef7cd9ecd3,2024-12-11T15:01:01+01:00,transfer,incoming,0.38,USD,6.55266000,ATR,0.06,USD,Cryptocurrency,3304,-,-,-,-,-,-
54fef503-535b-42e5-b381-06a10457e080,2024-12-12T14:32:10+01:00,transfer,incoming,0.35,USD,7.26006000,QBX,0.05,USD,Cryptocurrency,3303,-,-,-,-,-,-
C1efb8bae-7946-67ae-af1f-dc7bd57b0534,2024-12-12T19:57:17+01:00,deposit,incoming,0,USD,592.97836700,USDT,0.00,-,Cryptocurrency,27,0.00000000,USDT,-,-,-,-
T1efb8bce-1165-6d25-83c3-811e108cb26d,2024-12-12T20:11:24+01:00,sell,incoming,587.15,USD,592.97836700,USDT,0.99,USD,Cryptocurrency,27,-,-,-,-,-,0.00
T1efb8bce-11f6-69f8-a9ba-ffc19d60c22a,2024-12-12T20:11:24+01:00,buy,outgoing,587.15,USD,678.61875546,BEST,0.87,USD,Cryptocurrency,33,-,-,-,-,-,0.00
1efb8bce-121c-6e54-b0ec-adcc4ba08391,2024-12-12T20:11:25+01:00,transfer,incoming,0.29,EUR,0.34288600,BEST,0.86,EUR,Cryptocurrency,33,-,-,-,-,-,-
1efb8bce-12bf-6262-8c86-9b0faf98dbaa,2024-12-12T20:11:25+01:00,transfer,incoming,0.29,EUR,0.34288600,BEST,0.86,EUR,Cryptocurrency,33,-,-,-,-,-,-
a705327c-7a30-4f2e-9c53-38da6614bdce,2024-12-13T14:26:34+01:00,transfer,incoming,0.27,USD,4.53851000,CREO,0.06,USD,Cryptocurrency,3305,-,-,-,-,-,-
T1efb991f-862a-6b66-83c3-811e108cb26d,2024-12-13T21:36:46+01:00,sell,incoming,574.60,USD,670.00000000,BEST,0.86,USD,Cryptocurrency,33,-,-,-,-,-,0.00
T1efb991f-86b1-6288-a9ba-ffc19d60c22a,2024-12-13T21:36:46+01:00,buy,outgoing,574.60,USD,568.92110913,USDT,1.01,USD,Cryptocurrency,27,-,-,-,-,-,0.00
1efb991f-86da-6fd0-960e-bba9545daa0f,2024-12-13T21:36:47+01:00,transfer,incoming,0.29,EUR,0.33039334,BEST,0.87,EUR,Cryptocurrency,33,-,-,-,-,-,-
1efb991f-873f-6566-aa5d-8ddfcbe82b83,2024-12-13T21:36:47+01:00,transfer,incoming,0.29,EUR,0.33039334,BEST,0.87,EUR,Cryptocurrency,33,-,-,-,-,-,-
Cffe1a343-8892-4cca-a6a4-e4f82446b5c2,2024-12-13T21:39:18+01:00,withdrawal,outgoing,0,USD,568.82110900,USDT,0.00,-,Cryptocurrency,27,0.10000000,USDT,-,-,-,-
T1efba5c9-3ae7-64fc-a9ba-ffc19d60c22a,2024-12-14T21:47:08+01:00,sell,incoming,0.39,USD,6.55266000,ATR,0.06,USD,Cryptocurrency,3304,-,-,-,-,-,0.00
T1efba5c9-3b6b-6264-a9ba-ffc19d60c22a,2024-12-14T21:47:08+01:00,buy,outgoing,0.39,USD,0.43710042,BEST,0.89,USD,Cryptocurrency,33,-,-,-,-,-,0.00
T1efba5c9-3ae9-6c12-a9ba-ffc19d60c22a,2024-12-14T21:47:08+01:00,sell,incoming,0.01,USD,0.00000013,USDT,76923.08,USD,Cryptocurrency,27,-,-,-,-,-,-
T1efba5c9-3bc0-6996-a9ba-ffc19d60c22a,2024-12-14T21:47:08+01:00,buy,outgoing,0.01,USD,0.01120770,BEST,0.89,USD,Cryptocurrency,33,-,-,-,-,-,-
T1efba5c9-3ae7-64fe-a9ba-ffc19d60c22a,2024-12-14T21:47:08+01:00,sell,incoming,0.26,USD,7.26006000,QBX,0.04,USD,Cryptocurrency,3303,-,-,-,-,-,0.00
T1efba5c9-3c2e-676a-a9ba-ffc19d60c22a,2024-12-14T21:47:08+01:00,buy,outgoing,0.26,USD,0.29140028,BEST,0.89,USD,Cryptocurrency,33,-,-,-,-,-,0.00
T1efba5c9-3ae7-6500-a9ba-ffc19d60c22a,2024-12-14T21:47:08+01:00,sell,incoming,0.24,USD,4.53851000,CREO,0.05,USD,Cryptocurrency,3305,-,-,-,-,-,0.00
T1efba5c9-3c99-6e2c-a9ba-ffc19d60c22a,2024-12-14T21:47:08+01:00,buy,outgoing,0.24,USD,0.26898487,BEST,0.89,USD,Cryptocurrency,33,-,-,-,-,-,0.00
ffff6de9-d607-4b35-8335-84c66ccfbacc,2024-12-17T11:50:46+01:00,transfer,incoming,2.04,USD,150.03572000,TMAI,0.01,USD,Cryptocurrency,3312,-,-,-,-,-,-
1f78245e-4fb1-4d61-bb9e-8d6f0d854c4e,2024-12-17T15:33:53+01:00,transfer,incoming,0.30,USD,1.00753000,SUIAI,0.30,USD,Cryptocurrency,3311,-,-,-,-,-,-
2c6cc60e-e294-4db3-a91c-89f5eeebc1e4,2024-12-18T15:34:33+01:00,transfer,incoming,0.32,USD,0.33464000,KIMA,0.96,USD,Cryptocurrency,3313,-,-,-,-,-,-
939832d5-442a-4a93-9d23-c1462edcbf08,2024-12-19T15:09:47+01:00,transfer,incoming,0.32,USD,26.18103000,APP,0.01,USD,Cryptocurrency,3180,-,-,-,-,-,-
30ff43fd-2228-44de-889a-dc91cc9fb30c,2024-12-20T14:37:50+01:00,transfer,incoming,0.93,USD,1342.96688000,FOMO,0.00,-,Cryptocurrency,3320,-,-,-,-,-,-
30bba577-fc9d-4462-8236-a53843af4f11,2024-12-23T15:30:25+01:00,transfer,incoming,0.63,USD,4.39114000,EYWA,0.14,USD,Cryptocurrency,3319,-,-,-,-,-,-
a5c17109-35fc-4ff4-8b36-e38d4c0c87e7,2024-12-30T14:48:48+01:00,transfer,incoming,1.22,USD,36.23810000,LKI,0.03,USD,Cryptocurrency,3193,-,-,-,-,-,-
3addd002-505e-4da0-8497-fcb32e016030,2025-01-02T19:01:38+01:00,transfer,incoming,0.29,USD,5.26233000,GOAL,0.06,USD,Cryptocurrency,3329,-,-,-,-,-,-
9d660c09-3071-442f-8f86-f551d60a91c5,2025-01-03T14:42:03+01:00,transfer,incoming,0.25,USD,25.43292000,AIAGENT,0.01,USD,Cryptocurrency,3330,-,-,-,-,-,-
6251b40e-0b4d-4144-b304-ab5f5db12cb5,2025-01-07T14:54:48+01:00,transfer,incoming,0.28,USD,9.59079000,KIP,0.03,USD,Cryptocurrency,3334,-,-,-,-,-,-
1b6a3227-7df7-493e-9b3a-4194cae5e5e3,2025-01-08T16:38:14+01:00,transfer,incoming,0.32,USD,17.38485000,DESCI,0.02,USD,Cryptocurrency,3335,-,-,-,-,-,-
39512c5a-f302-4c9d-8884-74d763613eec,2025-01-15T14:44:02+01:00,transfer,incoming,0.38,USD,6.33024000,HAI,0.06,USD,Cryptocurrency,3350,-,-,-,-,-,-
2518a4d3-ad7e-4f2f-9ebf-e6f14b4f04fc,2025-01-16T15:30:44+01:00,transfer,incoming,0.22,USD,0.07808000,NOS,2.78,USD,Cryptocurrency,3345,-,-,-,-,-,-
507f0372-e4f1-459b-83ee-a287a5e61379,2025-01-17T14:39:54+01:00,transfer,incoming,0.22,USD,27.16632000,HAPPY,0.01,USD,Cryptocurrency,3346,-,-,-,-,-,-
fe0a731e-d125-4487-a8ae-1f165edd8009,2025-01-23T14:28:23+01:00,transfer,incoming,0.47,USD,3.58146000,CAM,0.13,USD,Cryptocurrency,3357,-,-,-,-,-,-
81e71afd-3507-4654-ae95-1777e4a52392,2025-01-30T14:43:56+01:00,transfer,incoming,0.27,USD,1.49462000,WOD,0.18,USD,Cryptocurrency,3365,-,-,-,-,-,-
d5cc6cde-32bc-4859-a809-2de4352da748,2025-01-31T15:47:46+01:00,transfer,incoming,0.54,USD,9.65890000,GPT,0.06,USD,Cryptocurrency,3373,-,-,-,-,-,-
f270edbe-c9f4-4994-ab7a-dae6ccc87f33,2025-02-07T16:22:00+01:00,transfer,incoming,0.63,USD,20.50236000,AAX,0.03,USD,Cryptocurrency,3374,-,-,-,-,-,-
4457afc5-4f38-4a2b-85f6-bdb7fa28f9bf,2025-02-13T17:19:33+01:00,transfer,incoming,0.31,USD,6.34146000,RBNT,0.05,USD,Cryptocurrency,3381,-,-,-,-,-,-
04e84700-d1bd-4b02-ac4d-c32959618cfc,2025-02-20T15:21:07+01:00,transfer,incoming,0.39,USD,97.80773000,ONDOAI,0.00,-,Cryptocurrency,3390,-,-,-,-,-,-
85992e6b-1807-48ff-bc48-b1bcd2bfce13,2025-02-28T17:11:44+01:00,transfer,incoming,0.26,USD,0.96162000,AIC,0.27,USD,Cryptocurrency,3396,-,-,-,-,-,-
8ee05b1b-6245-499e-862e-e89eb1b5cb37,2025-03-13T16:40:17+01:00,transfer,incoming,0.25,USD,0.63103000,MLC,0.39,USD,Cryptocurrency,3410,-,-,-,-,-,-
847f3c9f-1e28-414f-b621-4524df1c920f,2025-04-17T16:37:17+02:00,transfer,incoming,0.31,EUR,73.91035000,CCD,0.00,-,Cryptocurrency,3430,-,-,-,-,-,-
3826b2b3-609f-499c-9965-9f5d8e8117d7,2025-04-24T16:23:25+02:00,transfer,incoming,0.30,EUR,2.35147000,CPOOL,0.13,EUR,Cryptocurrency,3377,-,-,-,-,-,-
5ac3a686-7860-491d-ab04-641a7ff5ea31,2025-06-13T16:40:15+02:00,transfer,outgoing,0.00,EUR,20.50236000,AAX,0.00,-,Cryptocurrency,3374,-,-,-,-,-,-
F3c8c08ad-0d13-425c-8510-20fff9b9787a,2025-06-13T17:59:16+02:00,transfer,incoming,5.00,EUR,-,EUR,-,-,Fiat,-,-,-,-,-,-,0.00
2b5f02f5-6554-4c8d-8625-6c3f9b82ddaa,2025-06-19T17:38:36+02:00,transfer,incoming,0.10,EUR,0.05393000,MAT,1.83,EUR,Cryptocurrency,3462,-,-,-,-,-,-
23e33653-5a2f-4328-b4f4-c4af22465e9a,2025-07-16T19:05:58+02:00,transfer,incoming,2.14,EUR,13.71046200,VSN,0.16,EUR,Cryptocurrency,3472,-,-,-,-,-,-
dc40e18e-4084-463c-a553-36b4393d02c9,2025-08-05T22:23:35+02:00,transfer,outgoing,11.12,EUR,21.14423445,BEST,0.53,EUR,Cryptocurrency,33,-,-,-,-,-,-
90d0d91f-d01b-4480-9f38-b06906bc2670,2025-08-05T22:23:35+02:00,transfer,incoming,14.90,EUR,103.81819114,VSN,0.14,EUR,Cryptocurrency,3472,-,-,-,-,-,-
T1f0723d4-95c9-60a0-53c2-0d619e409d2a,2025-08-05T22:46:42+02:00,buy,outgoing,5.00,EUR,34.87517407,VSN,0.14,EUR,Cryptocurrency,3472,0.05000000,EUR,0.99,-,-,0.00
C1f072406-0176-6262-9cf5-906c70c20328,2025-08-05T23:08:48+02:00,deposit,incoming,0,USD,534.86944041,USDC,0.00,-,Cryptocurrency,30,0.00000000,USDC,-,-,-,-
T1f072414-c164-6110-8628-7b658f31f5df,2025-08-05T23:15:29+02:00,sell,incoming,531.20,USD,534.86944041,USDC,0.99,USD,Cryptocurrency,30,3.67000000,USD,0.69,-,-,0.00
T1f072414-c1d0-6fcf-a02e-cb3887d4114f,2025-08-05T23:15:29+02:00,buy,outgoing,531.20,USD,3177.62511644,VSN,0.17,USD,Cryptocurrency,3472,3.67000000,USD,0.69,-,-,0.00
1f072416-a3cc-6db8-8bc9-93b438f70a1f,2025-08-05T23:16:13+02:00,transfer,outgoing,476.26,EUR,3330.02894365,VSN,0.14,EUR,Cryptocurrency,3472,-,-,-,-,-,-
1f072416-a347-69b0-79ef-ed0b0dfeba59,2025-08-05T23:16:13+02:00,transfer(stake),incoming,476.26,EUR,3330.02894365,VSN,0.14,EUR,Cryptocurrency,3472,-,-,-,-,-
1f077990-acef-63b2-a6f5-911a5063da9c,2025-08-12T18:26:04+02:00,reward,incoming,0.69,EUR,3.74080876,VSN,0.18,EUR,Cryptocurrency,3472,-,-,-,-,-
9adcec3c-b98b-4c38-89d9-6eb2cd933921,2025-08-13T18:01:49+02:00,transfer,incoming,0.08,EUR,0.45468642,VSN,0.18,EUR,Cryptocurrency,3472,-,-,-,-,-,-
1f07d199-3418-6ec8-be53-d7a56b8c2680,2025-08-19T18:28:44+02:00,reward,incoming,0.87,EUR,5.24217498,VSN,0.17,EUR,Cryptocurrency,3472,-,-,-,-,-
1f0829fe-f4e8-6a46-9c4b-7984e978037b,2025-08-26T19:13:07+02:00,reward,incoming,0.79,EUR,5.25008203,VSN,0.15,EUR,Cryptocurrency,3472,-,-,-,-,-
1f0881ec-8d95-6c86-8006-279c27bbbe7f,2025-09-02T19:03:44+02:00,reward,incoming,0.73,EUR,5.25833705,VSN,0.14,EUR,Cryptocurrency,3472,-,-,-,-,-
1f08d9f2-f152-6cc0-9d86-758a42555af5,2025-09-09T19:05:27+02:00,reward,incoming,0.69,EUR,5.26660497,VSN,0.13,EUR,Cryptocurrency,3472,-,-,-,-,-
1f0931fb-72c0-61f8-a37e-7db5225abb44,2025-09-16T19:08:07+02:00,reward,incoming,0.74,EUR,5.27488590,VSN,0.14,EUR,Cryptocurrency,3472,-,-,-,-,-
1f0989ea-5369-69f2-8420-a587031cebff,2025-09-23T18:59:19+02:00,reward,incoming,0.68,EUR,5.28317984,VSN,0.13,EUR,Cryptocurrency,3472,-,-,-,-,-
1f09e1ab-e286-6496-926f-d9a9335a669c,2025-09-30T18:30:14+02:00,reward,incoming,0.59,EUR,5.29148683,VSN,0.11,EUR,Cryptocurrency,3472,-,-,-,-,-
1f0a39c5-6c19-6192-bcca-6f9acf395856,2025-10-07T18:40:31+02:00,reward,incoming,0.57,EUR,5.29980688,VSN,0.11,EUR,Cryptocurrency,3472,-,-,-,-,-
1f0a918a-b25d-6046-b270-b3fa98ae7eb8,2025-10-14T18:13:06+02:00,reward,incoming,0.53,EUR,5.30814001,VSN,0.10,EUR,Cryptocurrency,3472,-,-,-,-,-
1f0ae9e5-461e-67e6-ac3c-d79a2a07dd7d,2025-10-21T18:52:29+02:00,reward,incoming,0.55,EUR,5.31648624,VSN,0.10,EUR,Cryptocurrency,3472,-,-,-,-,-
1f0b41e9-923f-6c22-bcec-cfb530c54b0d,2025-10-28T17:53:15+01:00,reward,incoming,0.52,EUR,5.32484560,VSN,0.10,EUR,Cryptocurrency,3472,-,-,-,-,-
1f0b99e0-4090-6e86-afc9-fba74fc58f95,2025-11-04T17:47:57+01:00,reward,incoming,0.46,EUR,5.33321810,VSN,0.09,EUR,Cryptocurrency,3472,-,-,-,-,-
1f0bf1d8-29a6-6176-8330-ed88ef196d13,2025-11-11T17:43:11+01:00,reward,incoming,0.45,EUR,5.34160376,VSN,0.08,EUR,Cryptocurrency,3472,-,-,-,-,-
160c84af-4109-4487-991b-b3d42000c7c9,2025-11-13T15:06:23+01:00,transfer,incoming,2.40,EUR,30.19825463,VSN,0.08,EUR,Cryptocurrency,3472,-,-,-,-,-,-
d6f3634d-712d-4895-9f54-98d5969d5a3d,2025-11-14T16:41:11+01:00,transfer,incoming,0.45,EUR,34.72521000,SOLV,0.01,EUR,Cryptocurrency,3348,-,-,-,-,-,-
T1f0c2af1-3c92-64e0-4c3c-df99f2299e8d,2025-11-16T06:42:47+01:00,sell,incoming,1.81,USD,73.91035000,CCD,0.02,USD,Cryptocurrency,3430,0.03000000,USD,1.49,-,-,0.00
T1f0c2af7-5d64-6f50-734b-ba0516a456b6,2025-11-16T06:45:32+01:00,buy,outgoing,1.18,USD,13.89121063,VSN,0.08,USD,Cryptocurrency,3472,0.02000000,USD,0.99,-,-,0.00
1f0c4a1a-c55f-6500-8508-a9b1cc1f1f78,2025-11-18T18:11:50+01:00,reward,incoming,0.35,EUR,5.35000261,VSN,0.07,EUR,Cryptocurrency,3472,-,-,-,-,-
6a4233c7-1db5-4464-97b3-461aa7cacc2d,2025-11-25T10:30:02+01:00,transfer,incoming,0.31,EUR,11.00012000,MON,0.03,EUR,Cryptocurrency,3562,-,-,-,-,-,-
1f0ca197-7a2b-6a78-b819-c962fcf3be22,2025-11-25T17:11:57+01:00,reward,incoming,0.36,EUR,5.35841467,VSN,0.07,EUR,Cryptocurrency,3472,-,-,-,-,-
1f0cf9bc-c0a0-67b0-8c83-67a9e75591e6,2025-12-02T17:27:29+01:00,reward,incoming,0.43,EUR,5.36683995,VSN,0.08,EUR,Cryptocurrency,3472,-,-,-,-,-
1f0d5215-3428-6498-8f07-f7c499f10adc,2025-12-09T18:05:55+01:00,reward,incoming,0.44,EUR,5.37527848,VSN,0.08,EUR,Cryptocurrency,3472,-,-,-,-,-
1f0da9cc-85fc-6a12-936b-93320722acdd,2025-12-16T17:32:15+01:00,reward,incoming,0.39,EUR,5.38373027,VSN,0.07,EUR,Cryptocurrency,3472,-,-,-,-,-
1f0e01b1-3437-6c08-8eaa-a97eccb5f6a9,2025-12-23T17:18:54+01:00,reward,incoming,0.38,EUR,5.39219536,VSN,0.07,EUR,Cryptocurrency,3472,-,-,-,-,-
10ac4edc-2e25-4e78-b2e8-9474cf4a62b1,2025-12-24T13:45:15+01:00,transfer,incoming,0.47,EUR,21.97564000,VFY,0.02,EUR,Cryptocurrency,3567,-,-,-,-,-,-
